{
    "Arcanut (Processed)": {
        "Max": 1.7839756592292089,
        "Min": 0.7096774193548387,
        "Avg": 1.284837797231591
    },
    "Arecanut": {
        "Max": 19.3,
        "Min": 0.039936102236421724,
        "Avg": 2.16393162107509
    },
    "Arhar&Tur": {
        "Max": 8.0,
        "Min": 0.008287292817679558,
        "Avg": 0.7994746796098274
    },
    "Atcanut (Raw)": {
        "Max": 8.370446989287034,
        "Min": 3.508100147275405,
        "Avg": 6.216615908824842
    },
    "Bajra": {
        "Max": 15.73015873015873,
        "Min": 0.0068961678335518655,
        "Avg": 1.1778130032569862
    },
    "Banana": {
        "Max": 138.42105263157896,
        "Min": 0.2920353982300885,
        "Avg": 27.317615552635395
    },
    "Barley": {
        "Max": 10.0,
        "Min": 0.07692307692307693,
        "Avg": 1.8398543876354907
    },
    "Bean": {
        "Max": 1.4,
        "Min": 1.2941176470588236,
        "Avg": 1.3400001866104085
    },
    "Beans & Mutter(Vegetable)": {
        "Max": 10.729007633587788,
        "Min": 0.1111111111111111,
        "Avg": 5.102352996380728
    },
    "Bhindi": {
        "Max": 19.451882845188287,
        "Min": 0.3333333333333333,
        "Avg": 6.049771085483849
    },
    "Bitter Gourd": {
        "Max": 8.0,
        "Min": 5.0,
        "Avg": 5.841491841491842
    },
    "Black pepper": {
        "Max": 9.989085772984078,
        "Min": 0.0024390243902439024,
        "Avg": 1.1868708689922485
    },
    "Blackgram": {
        "Max": 1.018978102189781,
        "Min": 0.3990625,
        "Avg": 0.716424605157452
    },
    "Bottle Gourd": {
        "Max": 10.0,
        "Min": 7.0,
        "Avg": 7.6784170375079475
    },
    "Brinjal": {
        "Max": 29.983498349834985,
        "Min": 0.19,
        "Avg": 10.467539706167003
    },
    "Cabbage": {
        "Max": 67.21234567901234,
        "Min": 0.8391608391608392,
        "Avg": 25.069836612976825
    },
    "Cardamom": {
        "Max": 2.873469387755102,
        "Min": 0.001941747572815534,
        "Avg": 0.12857416867404076
    },
    "Carrot": {
        "Max": 9.963636363636363,
        "Min": 0.8888888888888888,
        "Avg": 7.0218001331314035
    },
    "Cashewnut Processed": {
        "Max": 0.2,
        "Min": 0.03388141504733433,
        "Avg": 0.11101759215570146
    },
    "Cashewnut Raw": {
        "Max": 1.025670194875853,
        "Min": 0.13452914798206278,
        "Avg": 0.5026502779234475
    },
    "Cashewnut": {
        "Max": 9801.0,
        "Min": 0.028486282759225174,
        "Avg": 9.703013375566465
    },
    "Castor seed": {
        "Max": 7.5,
        "Min": 0.003883495145631068,
        "Avg": 0.6968188766572198
    },
    "Cauliflower": {
        "Max": 10.49855072463768,
        "Min": 5.538888888888889,
        "Avg": 8.47936278549632
    },
    "Citrus Fruit": {
        "Max": 20.892033165104547,
        "Min": 0.4117647058823529,
        "Avg": 6.7640818744020015
    },
    "Coconut": {
        "Max": 38800.0,
        "Min": 0.012658227848101266,
        "Avg": 4042.4681582241456
    },
    "Coffee": {
        "Max": 0.8015108872759591,
        "Min": 0.4623655913978494,
        "Avg": 0.7088075516647366
    },
    "Colocosia": {
        "Max": 9.522727272727273,
        "Min": 9.5,
        "Avg": 9.510369595198457
    },
    "Cond-spcs other": {
        "Max": 1.2446043165467626,
        "Min": 0.1794871794871795,
        "Avg": 0.8329151746996776
    },
    "Coriander": {
        "Max": 7.0588235294117645,
        "Min": 0.01,
        "Avg": 0.49831626428881476
    },
    "Cotton(lint)": {
        "Max": 300.0,
        "Min": 0.029411764705882356,
        "Avg": 2.0784685837695287
    },
    "Cowpea(Lobia)": {
        "Max": 3.25,
        "Min": 0.061433447098976114,
        "Avg": 0.49511772196744047
    },
    "Drum Stick": {
        "Max": 2.0521134916039374,
        "Min": 0.014545454545454544,
        "Avg": 0.9734623687981889
    },
    "Dry chillies": {
        "Max": 24.82269503546099,
        "Min": 0.0016666666666666668,
        "Avg": 1.3767639485120122
    },
    "Dry ginger": {
        "Max": 39.065445026178004,
        "Min": 0.05,
        "Avg": 5.369407339145472
    },
    "Garlic": {
        "Max": 23.63636363636364,
        "Min": 0.08771929824561403,
        "Avg": 3.3305796709515416
    },
    "Ginger": {
        "Max": 20.0,
        "Min": 0.9,
        "Avg": 8.572291227587483
    },
    "Gram": {
        "Max": 13.083333333333336,
        "Min": 0.01637305699481865,
        "Avg": 0.8350398524961246
    },
    "Grapes": {
        "Max": 42.92782941498086,
        "Min": 0.2,
        "Avg": 22.551417462970818
    },
    "Groundnut": {
        "Max": 49.0,
        "Min": 0.0029411764705882357,
        "Avg": 1.2002743451225457
    },
    "Guar seed": {
        "Max": 40.0,
        "Min": 0.00034027772106482427,
        "Avg": 0.9801801605555
    },
    "Horse-gram": {
        "Max": 3.1029411764705883,
        "Min": 0.006018054162487462,
        "Avg": 0.45505543145598587
    },
    "Jack Fruit": {
        "Max": 11.5,
        "Min": 0.001658374792703151,
        "Avg": 6.582940779779705
    },
    "Jobster": {
        "Max": 1.0714285714285714,
        "Min": 0.9333333333333332,
        "Avg": 1.0058201058201057
    },
    "Jowar": {
        "Max": 14.56875,
        "Min": 0.001173192550227306,
        "Avg": 1.0523462235789027
    },
    "Jute & mesta": {
        "Max": 9.071038251366119,
        "Min": 7.395348837209302,
        "Avg": 8.114555455371264
    },
    "Jute": {
        "Max": 22.76361575022893,
        "Min": 0.27404580152671754,
        "Avg": 9.456482539274898
    },
    "Kapas": {
        "Max": 1.2823701536210679,
        "Min": 0.10638297872340426,
        "Avg": 0.7663445733926881
    },
    "Khesari": {
        "Max": 2.610228348193637,
        "Min": 0.0017897091722595079,
        "Avg": 0.7870063171088727
    },
    "Korra": {
        "Max": 1.2666666666666666,
        "Min": 0.1,
        "Avg": 0.6782316292545557
    },
    "Lemon": {
        "Max": 18.57583417593529,
        "Min": 3.8704453441295543,
        "Avg": 7.932812276256422
    },
    "Lentil": {
        "Max": 0.8484848484848485,
        "Min": 0.3090379008746356,
        "Avg": 0.7583813524063321
    },
    "Linseed": {
        "Max": 5.090909090909091,
        "Min": 0.01,
        "Avg": 0.5230347940527081
    },
    "Maize": {
        "Max": 1494.0,
        "Min": 0.001282051282051282,
        "Avg": 2.6450480021288074
    },
    "Mango": {
        "Max": 23.218543046357613,
        "Min": 0.016,
        "Avg": 5.327094005757949
    },
    "Masoor": {
        "Max": 3.571428571428572,
        "Min": 0.045454545454545456,
        "Avg": 0.7060327080833204
    },
    "Mesta": {
        "Max": 68.0,
        "Min": 0.09090909090909093,
        "Avg": 5.569946360556789
    },
    "Moong(Green Gram)": {
        "Max": 8.0,
        "Min": 0.0005141388174807199,
        "Avg": 0.45554480812462494
    },
    "Moth": {
        "Max": 1.0,
        "Min": 0.0035132096683530073,
        "Avg": 0.37117313542805774
    },
    "Niger seed": {
        "Max": 71.0,
        "Min": 0.00125,
        "Avg": 0.38833768904615357
    },
    "Oilseeds total": {
        "Max": 2.7537269632585986,
        "Min": 0.1948051948051948,
        "Avg": 0.9751782659735716
    },
    "Onion": {
        "Max": 2150.0,
        "Min": 0.0297029702970297,
        "Avg": 11.8637368532458
    },
    "Orange": {
        "Max": 20.108860759493673,
        "Min": 1.3333333333333333,
        "Avg": 9.677284937184183
    },
    "Other  Rabi pulses": {
        "Max": 22.707317073170728,
        "Min": 0.0004228687415426252,
        "Avg": 0.6451586703865378
    },
    "Other Cereals & Millets": {
        "Max": 4.0,
        "Min": 0.16666666666666666,
        "Avg": 0.8370085107637099
    },
    "Other Fresh Fruits": {
        "Max": 25.25773195876289,
        "Min": 0.12195121951219512,
        "Avg": 3.6388348883111528
    },